{"cameraMode":{"drawMode":0,"name":"Shaded","section":"Shading Mode"},"sceneLighting":true,"audioPlay":false,"sceneViewState":{"showFog":true,"showMaterialUpdate":false,"showSkybox":true,"showFlares":true,"showImageEffects":true,"showParticleSystems":true},"in2DMode":false,"pivot":{"x":45.10259246826172,"y":-394.1771545410156,"z":-114.23352813720703},"rotation":{"x":-0.7259258031845093,"y":0.0041264863684773449,"z":-0.004355656914412975,"w":-0.6877468228340149},"size":360.2562561035156,"orthographic":false}