{"cameraMode":{"drawMode":0,"name":"Shaded","section":"Shading Mode"},"sceneLighting":true,"audioPlay":false,"sceneViewState":{"showFog":true,"showMaterialUpdate":true,"showSkybox":true,"showFlares":true,"showImageEffects":true,"showParticleSystems":true},"in2DMode":false,"pivot":{"x":-68.0,"y":-389.9000244140625,"z":-127.42082214355469},"rotation":{"x":0.7166547775268555,"y":-0.04340076446533203,"z":0.044776249676942828,"w":0.694634735584259},"size":657.5667114257813,"orthographic":true}